month,platform,noise_reports,flagged,rate
2021-11-01,S1A,1105654,8135,0.7358
2021-11-01,S1B,1162812,4791,0.412
2021-12-01,S1A,1279955,9171,0.7165
2021-12-01,S1B,958543,3711,0.3872
2022-01-01,S1A,1287364,10486,0.8145
2022-02-01,S1A,1174067,9280,0.7904
2022-03-01,S1A,1299722,10141,0.7802
2022-04-01,S1A,1251692,10526,0.8409
2022-05-01,S1A,1179918,10680,0.9051
2022-06-01,S1A,1132529,10625,0.9382
2022-07-01,S1A,1153886,10084,0.8739
2022-08-01,S1A,1270736,10966,0.863
2022-09-01,S1A,1312437,10889,0.8297
2022-10-01,S1A,1281876,10314,0.8046
2022-11-01,S1A,1325947,10174,0.7673
2022-12-01,S1A,1371414,9512,0.6936
2023-01-01,S1A,1343258,9400,0.6998
2023-02-01,S1A,1216658,9554,0.7853
2023-03-01,S1A,1354695,11459,0.8459
2023-04-01,S1A,1318046,12547,0.9519
2023-05-01,S1A,1219732,12100,0.992
2023-06-01,S1A,1126211,10922,0.9698
2023-07-01,S1A,1176613,11416,0.9702
2023-08-01,S1A,1294937,12018,0.9281
2023-09-01,S1A,1322431,11793,0.8918
2023-10-01,S1A,1321225,10842,0.8206
2023-11-01,S1A,1302159,10469,0.804
2023-12-01,S1A,1354635,10500,0.7751
2024-01-01,S1A,1282138,10595,0.8264
2024-02-01,S1A,1217393,10415,0.8555
2024-03-01,S1A,1363469,11863,0.8701
2024-04-01,S1A,1345307,11864,0.8819
2024-05-01,S1A,1229261,11252,0.9153
2024-06-01,S1A,1107933,10240,0.9242
2024-07-01,S1A,1175934,9722,0.8267
2024-08-01,S1A,1308182,11768,0.8996
2024-09-01,S1A,1352981,12497,0.9237
2024-10-01,S1A,1389360,12869,0.9263
2024-11-01,S1A,1352664,13461,0.9951
2024-12-01,S1A,1376555,17764,1.29
2025-01-01,S1A,1411848,18734,1.327
2025-02-01,S1A,1257466,17884,1.422
2025-03-01,S1A,1401249,22001,1.57
2025-03-01,S1C,113782,962,0.8455
2025-04-01,S1A,1355398,23101,1.704
2025-04-01,S1C,720923,6824,0.9466
2025-05-01,S1A,1224504,22348,1.825
2025-05-01,S1C,775352,6713,0.8658
2025-06-01,S1A,1134574,20766,1.83
2025-06-01,S1C,766758,6846,0.8929
2025-07-01,S1A,1184145,22129,1.869
2025-07-01,S1C,777091,7318,0.9417
2025-08-01,S1A,1329469,19877,1.495
2025-08-01,S1C,911976,8588,0.9417
2025-09-01,S1A,1353095,19944,1.474
2025-09-01,S1C,894490,8988,1.005
2025-10-01,S1A,1390034,19809,1.425
2025-10-01,S1C,939855,8945,0.9517
2025-11-01,S1A,1304475,17527,1.344
2025-11-01,S1C,880807,7867,0.8932
2025-12-01,S1A,1374281,18026,1.312
2025-12-01,S1C,943753,8143,0.8628
2026-01-01,S1A,1275464,18934,1.484
2026-01-01,S1C,885675,7755,0.8756
2026-02-01,S1A,1157787,17101,1.477
2026-02-01,S1C,823970,7394,0.8974
2026-03-01,S1A,1328044,24656,1.857
2026-03-01,S1C,920255,9831,1.068
2026-04-01,S1A,1264507,23310,1.843
2026-04-01,S1C,909657,9770,1.074
2026-04-01,S1D,417736,3611,0.8644
2026-05-01,S1A,1169201,25745,2.202
2026-05-01,S1C,931232,10178,1.093
2026-05-01,S1D,901494,10591,1.175
2026-06-01,S1A,1093729,23714,2.168
2026-06-01,S1C,425689,4740,1.113
2026-06-01,S1D,880258,11104,1.261
2026-07-01,S1C,932226,10152,1.089
2026-07-01,S1D,894361,14692,1.643
2026-08-01,S1C,937996,9334,0.9951
2026-08-01,S1D,910429,14129,1.552
2026-09-01,S1C,904380,9346,1.033
2026-09-01,S1D,876316,15239,1.739
2026-10-01,S1C,118464,1123,0.948
2026-10-01,S1D,107809,1741,1.615
