day,platform,mode,polarization,catalogue_products,products,noise_reports,flagged,mitigated_products
2021-11-04,S1A,EW,HH,92,92,8710,0,0
2021-11-04,S1A,EW,HV,92,72,6836,2,0
2021-11-04,S1A,IW,HH,473,44,1197,0,0
2021-11-04,S1A,IW,HV,473,18,482,0,0
2021-11-04,S1A,IW,VH,473,429,11680,180,0
2021-11-04,S1A,IW,VV,473,429,11680,170,0
2021-11-04,S1B,EW,HH,80,80,7365,6,0
2021-11-04,S1B,EW,HV,80,76,7012,5,0
2021-11-04,S1B,IW,HH,435,49,1324,0,0
2021-11-04,S1B,IW,HV,435,28,740,0,0
2021-11-04,S1B,IW,VH,435,386,10504,69,0
2021-11-04,S1B,IW,VV,435,386,10505,67,0
2021-11-05,S1A,EW,HH,85,85,7892,0,0
2021-11-05,S1A,EW,HV,85,64,5917,0,0
2021-11-05,S1A,IW,HH,559,62,1670,1,0
2021-11-05,S1A,IW,HV,559,45,1200,1,0
2021-11-05,S1A,IW,VH,559,497,13500,141,0
2021-11-05,S1A,IW,VV,559,497,13501,110,0
2021-11-05,S1B,EW,HH,124,116,10735,0,0
2021-11-05,S1B,EW,HV,124,108,10068,0,0
2021-11-05,S1B,EW,VH,124,8,783,0,0
2021-11-05,S1B,EW,VV,124,8,783,0,0
2021-11-05,S1B,IW,HH,410,41,1129,1,0
2021-11-05,S1B,IW,HV,410,36,986,0,0
2021-11-05,S1B,IW,VH,410,369,10035,106,0
2021-11-05,S1B,IW,VV,410,369,10035,98,0
2021-11-06,S1A,EW,HH,117,104,9879,8,0
2021-11-06,S1A,EW,HV,117,79,7542,5,0
2021-11-06,S1A,EW,VH,117,13,1247,0,0
2021-11-06,S1A,EW,VV,117,13,1247,0,0
2021-11-06,S1A,IW,HH,499,45,1225,1,0
2021-11-06,S1A,IW,HV,499,23,622,0,0
2021-11-06,S1A,IW,VH,499,454,12395,223,0
2021-11-06,S1A,IW,VV,499,454,12394,189,0
2021-11-06,S1B,EW,HH,123,117,10917,8,0
2021-11-06,S1B,EW,HV,123,111,10339,1,0
2021-11-06,S1B,EW,VH,123,6,559,0,0
2021-11-06,S1B,EW,VV,123,6,559,0,0
2021-11-06,S1B,IW,HH,427,37,1001,1,0
2021-11-06,S1B,IW,HV,427,10,280,0,0
2021-11-06,S1B,IW,VH,427,390,10668,91,0
2021-11-06,S1B,IW,VV,427,390,10667,77,0
2021-11-07,S1A,EW,HH,104,95,8807,1,0
2021-11-07,S1A,EW,HV,104,70,6522,0,0
2021-11-07,S1A,EW,VH,104,9,843,0,0
2021-11-07,S1A,EW,VV,104,9,843,0,0
2021-11-07,S1A,IW,HH,493,23,632,0,0
2021-11-07,S1A,IW,HV,493,12,334,0,0
2021-11-07,S1A,IW,VH,493,470,12822,202,0
2021-11-07,S1A,IW,VV,493,470,12823,156,0
2021-11-07,S1B,EW,HH,118,110,9794,19,0
2021-11-07,S1B,EW,HV,118,110,9794,19,0
2021-11-07,S1B,EW,VH,118,8,782,0,0
2021-11-07,S1B,EW,VV,118,8,782,0,0
2021-11-07,S1B,IW,HH,405,77,2152,12,0
2021-11-07,S1B,IW,HV,405,24,662,7,0
2021-11-07,S1B,IW,VH,405,325,8964,89,0
2021-11-07,S1B,IW,VV,405,328,9047,61,0
2021-11-08,S1A,EW,HH,79,79,7460,16,0
2021-11-08,S1A,EW,HV,79,64,6010,4,0
2021-11-08,S1A,IW,HH,515,18,484,0,0
2021-11-08,S1A,IW,HV,515,12,329,0,0
2021-11-08,S1A,IW,VH,515,497,13625,182,0
2021-11-08,S1A,IW,VV,515,497,13625,160,0
2021-11-08,S1B,EW,HH,119,113,10256,8,0
2021-11-08,S1B,EW,HV,119,111,10163,4,0
2021-11-08,S1B,EW,VH,119,6,564,0,0
2021-11-08,S1B,EW,VV,119,6,564,0,0
2021-11-08,S1B,IW,HH,462,72,2010,2,0
2021-11-08,S1B,IW,HV,462,36,997,0,0
2021-11-08,S1B,IW,VH,462,390,10554,120,0
2021-11-08,S1B,IW,VV,462,390,10554,114,0
2021-11-09,S1A,EW,HH,101,98,9323,0,0
2021-11-09,S1A,EW,HV,101,82,7749,2,0
2021-11-09,S1A,EW,VH,101,3,299,0,0
2021-11-09,S1A,EW,VV,101,3,299,0,0
2021-11-09,S1A,IW,HH,500,58,1606,0,0
2021-11-09,S1A,IW,HV,500,33,919,0,0
2021-11-09,S1A,IW,VH,500,442,12090,160,0
2021-11-09,S1A,IW,VV,500,442,12090,122,0
2021-11-09,S1B,EW,HH,112,112,10286,6,0
2021-11-09,S1B,EW,HV,112,108,9989,4,0
2021-11-09,S1B,IW,HH,404,52,1398,0,0
2021-11-09,S1B,IW,HV,404,41,1094,0,0
2021-11-09,S1B,IW,VH,404,352,9573,50,0
2021-11-09,S1B,IW,VV,404,352,9573,37,0
2021-11-10,S1A,EW,HH,80,80,7497,3,0
2021-11-10,S1A,EW,HV,80,62,5691,0,0
2021-11-10,S1A,IW,HH,537,76,2095,0,0
2021-11-10,S1A,IW,HV,537,34,926,1,0
2021-11-10,S1A,IW,VH,537,461,12585,117,0
2021-11-10,S1A,IW,VV,537,461,12585,84,0
2021-11-10,S1B,EW,HH,103,103,9403,3,0
2021-11-10,S1B,EW,HV,103,98,8975,1,0
2021-11-10,S1B,IW,HH,430,45,1240,0,0
2021-11-10,S1B,IW,HV,430,25,686,0,0
2021-11-10,S1B,IW,VH,430,385,10472,154,0
2021-11-10,S1B,IW,VV,430,385,10471,124,0
2021-11-11,S1A,EW,HH,86,77,7316,15,0
2021-11-11,S1A,EW,HV,86,55,5266,1,0
2021-11-11,S1A,EW,VH,86,9,843,0,0
2021-11-11,S1A,EW,VV,86,9,843,0,0
2021-11-11,S1A,IW,HH,471,41,1134,0,0
2021-11-11,S1A,IW,HV,471,25,693,0,0
2021-11-11,S1A,IW,VH,471,430,11650,188,0
2021-11-11,S1A,IW,VV,471,430,11650,149,0
2021-11-11,S1B,EW,HH,101,99,9097,8,0
2021-11-11,S1B,EW,HV,101,91,8339,0,0
2021-11-11,S1B,EW,VH,101,2,209,0,0
2021-11-11,S1B,EW,VV,101,2,209,0,0
2021-11-11,S1B,IW,HH,389,28,753,1,0
2021-11-11,S1B,IW,HV,389,21,569,0,0
2021-11-11,S1B,IW,VH,389,361,9802,81,0
2021-11-11,S1B,IW,VV,389,361,9802,58,0
2021-11-12,S1A,EW,HH,75,64,5942,1,0
2021-11-12,S1A,EW,HV,75,49,4515,1,0
2021-11-12,S1A,EW,VH,75,11,1047,0,0
2021-11-12,S1A,EW,VV,75,11,1047,0,0
2021-11-12,S1A,IW,HH,482,63,1717,0,0
2021-11-12,S1A,IW,HV,482,23,638,0,0
2021-11-12,S1A,IW,VH,482,419,11416,110,0
2021-11-12,S1A,IW,VV,482,419,11416,82,0
2021-11-12,S1B,EW,HH,129,119,10974,8,0
2021-11-12,S1B,EW,HV,129,116,10670,7,0
2021-11-12,S1B,EW,VH,129,10,963,0,0
2021-11-12,S1B,EW,VV,129,10,963,0,0
2021-11-12,S1B,IW,HH,363,37,1009,0,0
2021-11-12,S1B,IW,HV,363,20,532,0,0
2021-11-12,S1B,IW,VH,363,324,8910,70,0
2021-11-12,S1B,IW,VV,363,326,8969,58,0
2021-11-13,S1A,EW,HH,79,70,6192,4,0
2021-11-13,S1A,EW,HV,79,54,4872,7,0
2021-11-13,S1A,EW,VH,79,9,862,0,0
2021-11-13,S1A,EW,VV,79,9,862,2,0
2021-11-13,S1A,IW,HH,586,86,2380,1,0
2021-11-13,S1A,IW,HV,586,28,776,0,0
2021-11-13,S1A,IW,VH,586,500,13615,146,0
2021-11-13,S1A,IW,VV,586,500,13615,131,0
2021-11-13,S1B,EW,HH,115,109,10055,0,0
2021-11-13,S1B,EW,HV,115,106,9741,0,0
2021-11-13,S1B,EW,VH,115,6,564,0,0
2021-11-13,S1B,EW,VV,115,6,564,0,0
2021-11-13,S1B,IW,HH,457,17,473,0,0
2021-11-13,S1B,IW,HV,457,17,473,0,0
2021-11-13,S1B,IW,VH,457,440,12034,116,0
2021-11-13,S1B,IW,VV,457,440,12034,121,0
2021-11-14,S1A,EW,HH,91,82,7464,1,0
2021-11-14,S1A,EW,HV,91,58,5229,0,0
2021-11-14,S1A,EW,VH,91,9,863,0,0
2021-11-14,S1A,EW,VV,91,9,863,0,0
2021-11-14,S1A,IW,HH,546,76,2091,0,0
2021-11-14,S1A,IW,HV,546,27,733,0,0
2021-11-14,S1A,IW,VH,546,467,12740,208,0
2021-11-14,S1A,IW,VV,546,470,12829,170,0
2021-11-14,S1B,EW,HH,109,109,10147,3,0
2021-11-14,S1B,EW,HV,109,104,9674,1,0
2021-11-14,S1B,IW,HH,400,20,518,0,0
2021-11-14,S1B,IW,HV,400,14,370,0,0
2021-11-14,S1B,IW,VH,400,380,10393,69,0
2021-11-14,S1B,IW,VV,400,380,10393,68,0
2021-11-15,S1A,EW,HH,74,74,7133,0,0
2021-11-15,S1A,EW,HV,74,51,4862,1,0
2021-11-15,S1A,IW,HH,548,74,2008,0,0
2021-11-15,S1A,IW,HV,548,47,1286,0,0
2021-11-15,S1A,IW,VH,548,474,12936,175,0
2021-11-15,S1A,IW,VV,548,474,12936,134,0
2021-11-15,S1B,EW,HH,117,117,10901,12,0
2021-11-15,S1B,EW,HV,117,106,9899,13,0
2021-11-15,S1B,IW,HH,466,56,1551,2,0
2021-11-15,S1B,IW,HV,466,36,990,0,0
2021-11-15,S1B,IW,VH,466,410,11107,105,0
2021-11-15,S1B,IW,VV,466,410,11107,95,0
2021-11-16,S1A,EW,HH,32,32,2987,5,0
2021-11-16,S1A,EW,HV,32,24,2234,0,0
2021-11-16,S1A,IW,HH,256,14,380,0,0
2021-11-16,S1A,IW,HV,256,6,172,0,0
2021-11-16,S1A,IW,VH,256,242,6641,88,0
2021-11-16,S1A,IW,VV,256,242,6641,79,0
2021-11-16,S1B,EW,HH,93,93,8532,12,0
2021-11-16,S1B,EW,HV,93,90,8223,5,0
2021-11-16,S1B,IW,HH,397,49,1324,1,0
2021-11-16,S1B,IW,HV,397,28,740,0,0
2021-11-16,S1B,IW,VH,397,348,9472,76,0
2021-11-16,S1B,IW,VV,397,348,9472,63,0
2021-11-17,S1A,EW,HH,75,75,6919,2,0
2021-11-17,S1A,EW,HV,75,55,5024,3,0
2021-11-17,S1A,IW,HH,564,57,1527,1,0
2021-11-17,S1A,IW,HV,564,40,1057,0,0
2021-11-17,S1A,IW,VH,564,507,13756,183,0
2021-11-17,S1A,IW,VV,564,507,13757,127,0
2021-11-17,S1B,EW,HH,138,129,11988,22,0
2021-11-17,S1B,EW,HV,138,124,11630,12,0
2021-11-17,S1B,EW,VH,138,9,897,0,0
2021-11-17,S1B,EW,VV,138,9,897,0,0
2021-11-17,S1B,IW,HH,408,41,1129,1,0
2021-11-17,S1B,IW,HV,408,36,986,0,0
2021-11-17,S1B,IW,VH,408,367,9953,81,0
2021-11-17,S1B,IW,VV,408,367,9953,82,0
2021-11-18,S1A,EW,HH,113,100,9492,12,0
2021-11-18,S1A,EW,HV,113,79,7498,3,0
2021-11-18,S1A,EW,VH,113,13,1247,0,0
2021-11-18,S1A,EW,VV,113,13,1247,0,0
2021-11-18,S1A,IW,HH,508,45,1225,1,0
2021-11-18,S1A,IW,HV,508,23,622,0,0
2021-11-18,S1A,IW,VH,508,463,12640,187,0
2021-11-18,S1A,IW,VV,508,463,12640,146,0
2021-11-18,S1B,EW,HH,126,120,11209,3,0
2021-11-18,S1B,EW,HV,126,113,10542,1,0
2021-11-18,S1B,EW,VH,126,6,559,0,0
2021-11-18,S1B,EW,VV,126,6,559,0,0
2021-11-18,S1B,IW,HH,424,35,942,0,0
2021-11-18,S1B,IW,HV,424,8,221,0,0
2021-11-18,S1B,IW,VH,424,389,10618,89,0
2021-11-18,S1B,IW,VV,424,389,10618,69,0
2021-11-19,S1A,EW,HH,83,80,7360,0,0
2021-11-19,S1A,EW,HV,83,55,5075,0,0
2021-11-19,S1A,EW,VH,83,3,284,0,0
2021-11-19,S1A,EW,VV,83,3,284,0,0
2021-11-19,S1A,IW,HH,481,12,333,0,0
2021-11-19,S1A,IW,HV,481,1,35,0,0
2021-11-19,S1A,IW,VH,481,469,12770,190,0
2021-11-19,S1A,IW,VV,481,469,12770,159,0
2021-11-19,S1B,EW,HH,124,116,10362,3,0
2021-11-19,S1B,EW,HV,124,115,10323,3,0
2021-11-19,S1B,EW,VH,124,8,782,0,0
2021-11-19,S1B,EW,VV,124,8,782,0,0
2021-11-19,S1B,IW,HH,395,77,2152,0,0
2021-11-19,S1B,IW,HV,395,24,662,0,0
2021-11-19,S1B,IW,VH,395,315,8663,83,0
2021-11-19,S1B,IW,VV,395,318,8746,45,0
2021-11-20,S1A,EW,HH,79,79,7461,1,0
2021-11-20,S1A,EW,HV,79,64,6010,0,0
2021-11-20,S1A,IW,HH,507,18,484,0,0
2021-11-20,S1A,IW,HV,507,12,329,0,0
2021-11-20,S1A,IW,VH,507,489,13400,155,0
2021-11-20,S1A,IW,VV,507,489,13400,127,0
2021-11-20,S1B,EW,HH,109,102,9239,0,0
2021-11-20,S1B,EW,HV,109,101,9175,3,0
2021-11-20,S1B,EW,VH,109,7,673,0,0
2021-11-20,S1B,EW,VV,109,7,673,0,0
2021-11-20,S1B,IW,HH,464,73,2016,2,0
2021-11-20,S1B,IW,HV,464,41,1122,0,0
2021-11-20,S1B,IW,VH,464,391,10591,103,0
2021-11-20,S1B,IW,VV,464,391,10591,102,0
2021-11-21,S1A,EW,HH,105,102,9701,2,0
2021-11-21,S1A,EW,HV,105,86,8127,4,0
2021-11-21,S1A,EW,VH,105,3,299,0,0
2021-11-21,S1A,EW,VV,105,3,299,0,0
2021-11-21,S1A,IW,HH,503,58,1606,0,0
2021-11-21,S1A,IW,HV,503,33,919,0,0
2021-11-21,S1A,IW,VH,503,445,12101,157,0
2021-11-21,S1A,IW,VV,503,445,12101,128,0
2021-11-21,S1B,EW,HH,117,117,10709,2,0
2021-11-21,S1B,EW,HV,117,110,10158,2,0
2021-11-21,S1B,IW,HH,395,56,1505,38,0
2021-11-21,S1B,IW,HV,395,45,1201,0,0
2021-11-21,S1B,IW,VH,395,339,9221,37,0
2021-11-21,S1B,IW,VV,395,339,9221,34,0
2021-11-22,S1A,EW,HH,84,84,7849,0,0
2021-11-22,S1A,EW,HV,84,66,6043,0,0
2021-11-22,S1A,IW,HH,547,76,2095,5,0
2021-11-22,S1A,IW,HV,547,34,926,0,0
2021-11-22,S1A,IW,VH,547,471,12835,105,0
2021-11-22,S1A,IW,VV,547,471,12835,95,0
2021-11-22,S1B,EW,HH,113,113,10396,23,0
2021-11-22,S1B,EW,HV,113,108,9968,14,0
2021-11-22,S1B,IW,HH,427,45,1240,0,0
2021-11-22,S1B,IW,HV,427,25,686,0,0
2021-11-22,S1B,IW,VH,427,382,10418,101,0
2021-11-22,S1B,IW,VV,427,382,10418,83,0
2021-11-23,S1A,EW,HH,95,85,8054,1,0
2021-11-23,S1A,EW,HV,95,59,5646,0,0
2021-11-23,S1A,EW,VH,95,10,957,0,0
2021-11-23,S1A,EW,VV,95,10,957,0,0
2021-11-23,S1A,IW,HH,522,58,1582,0,0
2021-11-23,S1A,IW,HV,522,42,1141,0,0
2021-11-23,S1A,IW,VH,522,464,12593,177,0
2021-11-23,S1A,IW,VV,522,464,12593,160,0
2021-11-23,S1B,EW,HH,112,110,10193,3,0
2021-11-23,S1B,EW,HV,112,96,8812,5,0
2021-11-23,S1B,EW,VH,112,2,209,0,0
2021-11-23,S1B,EW,VV,112,2,209,0,0
2021-11-23,S1B,IW,HH,408,28,753,0,0
2021-11-23,S1B,IW,HV,408,21,569,0,0
2021-11-23,S1B,IW,VH,408,380,10357,81,0
2021-11-23,S1B,IW,VV,408,380,10357,70,0
2021-11-24,S1A,EW,HH,82,71,6564,1,0
2021-11-24,S1A,EW,HV,82,53,4828,0,0
2021-11-24,S1A,EW,VH,82,11,1047,0,0
2021-11-24,S1A,EW,VV,82,11,1047,0,0
2021-11-24,S1A,IW,HH,520,59,1604,0,0
2021-11-24,S1A,IW,HV,520,23,638,0,0
2021-11-24,S1A,IW,VH,520,461,12566,166,0
2021-11-24,S1A,IW,VV,520,461,12566,163,0
2021-11-24,S1B,EW,HH,141,131,11903,16,0
2021-11-24,S1B,EW,HV,141,127,11560,12,0
2021-11-24,S1B,EW,VH,141,10,963,0,0
2021-11-24,S1B,EW,VV,141,10,963,0,0
2021-11-24,S1B,IW,HH,334,32,866,0,0
2021-11-24,S1B,IW,HV,334,20,532,0,0
2021-11-24,S1B,IW,VH,334,300,8286,61,0
2021-11-24,S1B,IW,VV,334,302,8345,49,0
2021-11-25,S1A,EW,HH,75,66,5864,1,0
2021-11-25,S1A,EW,HV,75,53,4783,2,0
2021-11-25,S1A,EW,VH,75,9,862,0,0
2021-11-25,S1A,EW,VV,75,9,862,0,0
2021-11-25,S1A,IW,HH,538,81,2235,3,0
2021-11-25,S1A,IW,HV,538,22,602,2,0
2021-11-25,S1A,IW,VH,538,457,12463,155,0
2021-11-25,S1A,IW,VV,538,457,12463,107,0
2021-11-25,S1B,EW,HH,118,112,10309,8,0
2021-11-25,S1B,EW,HV,118,106,9741,4,0
2021-11-25,S1B,EW,VH,118,6,564,0,0
2021-11-25,S1B,EW,VV,118,6,564,0,0
2021-11-25,S1B,IW,HH,407,19,532,0,0
2021-11-25,S1B,IW,HV,407,19,532,0,0
2021-11-25,S1B,IW,VH,407,388,10621,91,0
2021-11-25,S1B,IW,VV,407,388,10621,91,0
2021-11-26,S1A,EW,HH,92,82,7430,10,0
2021-11-26,S1A,EW,HV,92,60,5405,10,0
2021-11-26,S1A,EW,VH,92,10,972,0,0
2021-11-26,S1A,EW,VV,92,10,972,1,0
2021-11-26,S1A,IW,HH,544,70,1942,1,0
2021-11-26,S1A,IW,HV,544,22,601,0,0
2021-11-26,S1A,IW,VH,544,471,12867,193,0
2021-11-26,S1A,IW,VV,544,474,12955,157,0
2021-11-26,S1B,EW,HH,113,113,10486,5,0
2021-11-26,S1B,EW,HV,113,110,10177,1,0
2021-11-26,S1B,IW,HH,360,20,518,0,0
2021-11-26,S1B,IW,HV,360,14,370,0,0
2021-11-26,S1B,IW,VH,360,340,9258,74,0
2021-11-26,S1B,IW,VV,360,340,9258,64,0
2021-11-27,S1A,EW,HH,75,75,7222,0,0
2021-11-27,S1A,EW,HV,75,51,4862,0,0
2021-11-27,S1A,IW,HH,561,74,2008,1,0
2021-11-27,S1A,IW,HV,561,47,1286,0,0
2021-11-27,S1A,IW,VH,561,487,13291,152,0
2021-11-27,S1A,IW,VV,561,487,13291,131,0
2021-11-27,S1B,EW,HH,120,120,11259,19,0
2021-11-27,S1B,EW,HV,120,109,10257,13,0
2021-11-27,S1B,IW,HH,449,56,1551,0,0
2021-11-27,S1B,IW,HV,449,36,990,0,0
2021-11-27,S1B,IW,VH,449,393,10640,87,0
2021-11-27,S1B,IW,VV,449,393,10640,70,0
2021-11-28,S1A,EW,HH,93,93,8745,4,0
2021-11-28,S1A,EW,HV,93,72,6766,2,0
2021-11-28,S1A,IW,HH,491,40,1077,0,0
2021-11-28,S1A,IW,HV,491,14,362,0,0
2021-11-28,S1A,IW,VH,491,451,12294,157,0
2021-11-28,S1A,IW,VV,491,451,12294,149,0
2021-11-28,S1B,EW,HH,93,93,8611,3,0
2021-11-28,S1B,EW,HV,93,90,8302,0,0
2021-11-28,S1B,IW,HH,444,52,1417,0,0
2021-11-28,S1B,IW,HV,444,31,833,0,0
2021-11-28,S1B,IW,VH,444,392,10640,72,0
2021-11-28,S1B,IW,VV,444,392,10640,65,0
2021-11-29,S1A,EW,HH,68,68,6329,1,0
2021-11-29,S1A,EW,HV,68,51,4768,1,0
2021-11-29,S1A,IW,HH,471,58,1569,2,0
2021-11-29,S1A,IW,HV,471,45,1200,0,0
2021-11-29,S1A,IW,VH,471,413,11222,126,0
2021-11-29,S1A,IW,VV,471,413,11222,98,0
2021-11-29,S1B,EW,HH,133,125,11642,22,0
2021-11-29,S1B,EW,HV,133,117,10975,9,0
2021-11-29,S1B,EW,VH,133,8,783,0,0
2021-11-29,S1B,EW,VV,133,8,783,0,0
2021-11-29,S1B,IW,HH,412,53,1463,1,0
2021-11-29,S1B,IW,HV,412,48,1320,0,0
2021-11-29,S1B,IW,VH,412,359,9756,61,0
2021-11-29,S1B,IW,VV,412,359,9756,78,0
2021-11-30,S1A,EW,HH,90,77,7161,0,0
2021-11-30,S1A,EW,HV,90,56,5233,0,0
2021-11-30,S1A,EW,VH,90,13,1247,0,0
2021-11-30,S1A,EW,VV,90,13,1247,0,0
2021-11-30,S1A,IW,HH,412,27,728,0,0
2021-11-30,S1A,IW,HV,412,5,125,0,0
2021-11-30,S1A,IW,VH,412,385,10499,158,0
2021-11-30,S1A,IW,VV,412,385,10499,110,0
2021-11-30,S1B,EW,HH,131,125,11688,13,0
2021-11-30,S1B,EW,HV,131,118,11021,4,0
2021-11-30,S1B,EW,VH,131,6,559,7,0
2021-11-30,S1B,EW,VV,131,6,559,7,0
2021-11-30,S1B,IW,HH,445,37,1001,1,0
2021-11-30,S1B,IW,HV,445,10,280,0,0
2021-11-30,S1B,IW,VH,445,408,11155,88,0
2021-11-30,S1B,IW,VV,445,408,11155,81,0
2021-12-01,S1A,EW,HH,99,90,8327,7,0
2021-12-01,S1A,EW,HV,99,69,6422,6,0
2021-12-01,S1A,EW,VH,99,9,843,0,0
2021-12-01,S1A,EW,VV,99,9,843,0,0
2021-12-01,S1A,IW,HH,513,23,632,1,0
2021-12-01,S1A,IW,HV,513,12,334,0,0
2021-12-01,S1A,IW,VH,513,490,13354,164,0
2021-12-01,S1A,IW,VV,513,490,13354,128,0
2021-12-01,S1B,EW,HH,123,115,10285,12,0
2021-12-01,S1B,EW,HV,123,112,10038,5,0
2021-12-01,S1B,EW,VH,123,8,782,0,0
2021-12-01,S1B,EW,VV,123,8,782,0,0
2021-12-01,S1B,IW,HH,390,86,2391,0,0
2021-12-01,S1B,IW,HV,390,33,901,0,0
2021-12-01,S1B,IW,VH,390,301,8264,84,0
2021-12-01,S1B,IW,VV,390,304,8347,73,0
2021-12-02,S1A,EW,HH,76,76,7222,3,0
2021-12-02,S1A,EW,HV,76,64,6010,0,0
2021-12-02,S1A,IW,HH,519,18,484,0,0
2021-12-02,S1A,IW,HV,519,12,329,0,0
2021-12-02,S1A,IW,VH,519,500,13379,143,0
2021-12-02,S1A,IW,VV,519,500,13379,130,0
2021-12-02,S1B,EW,HH,114,108,9831,7,0
2021-12-02,S1B,EW,HV,114,106,9738,5,0
2021-12-02,S1B,EW,VH,114,6,564,0,0
2021-12-02,S1B,EW,VV,114,6,564,0,0
2021-12-02,S1B,IW,HH,422,72,2010,1,0
2021-12-02,S1B,IW,HV,422,36,997,0,0
2021-12-02,S1B,IW,VH,422,350,9523,97,0
2021-12-02,S1B,IW,VV,422,350,9523,74,0
2021-12-03,S1A,EW,HH,105,102,9701,7,0
2021-12-03,S1A,EW,HV,105,86,8127,2,0
2021-12-03,S1A,EW,VH,105,3,299,0,0
2021-12-03,S1A,EW,VV,105,3,299,0,0
2021-12-03,S1A,IW,HH,500,58,1606,0,0
2021-12-03,S1A,IW,HV,500,33,919,0,0
2021-12-03,S1A,IW,VH,500,442,12082,152,0
2021-12-03,S1A,IW,VV,500,442,12082,120,0
2021-12-03,S1B,EW,HH,113,113,10240,4,0
2021-12-03,S1B,EW,HV,113,107,9808,3,0
2021-12-03,S1B,IW,HH,388,61,1631,1,0
2021-12-03,S1B,IW,HV,388,50,1327,0,0
2021-12-03,S1B,IW,VH,388,327,8875,51,0
2021-12-03,S1B,IW,VV,388,327,8875,48,0
2021-12-04,S1A,EW,HH,74,74,6967,12,0
2021-12-04,S1A,EW,HV,74,56,5161,2,0
2021-12-04,S1A,IW,HH,541,72,2000,0,0
2021-12-04,S1A,IW,HV,541,30,831,0,0
2021-12-04,S1A,IW,VH,541,469,12791,117,0
2021-12-04,S1A,IW,VV,541,469,12791,90,0
2021-12-04,S1B,EW,HH,100,100,9128,8,0
2021-12-04,S1B,EW,HV,100,95,8699,6,0
2021-12-04,S1B,IW,HH,418,45,1240,0,0
2021-12-04,S1B,IW,HV,418,25,686,0,0
2021-12-04,S1B,IW,VH,418,373,10176,72,0
2021-12-04,S1B,IW,VV,418,373,10176,69,0
2021-12-05,S1A,EW,HH,95,86,8168,0,0
2021-12-05,S1A,EW,HV,95,60,5759,2,0
2021-12-05,S1A,EW,VH,95,9,843,0,0
2021-12-05,S1A,EW,VV,95,9,843,0,0
2021-12-05,S1A,IW,HH,524,58,1582,0,0
2021-12-05,S1A,IW,HV,524,42,1141,0,0
2021-12-05,S1A,IW,VH,524,466,12641,179,0
2021-12-05,S1A,IW,VV,524,466,12641,146,0
2021-12-05,S1B,EW,HH,110,108,9985,11,0
2021-12-05,S1B,EW,HV,110,94,8604,6,0
2021-12-05,S1B,EW,VH,110,2,209,0,0
2021-12-05,S1B,EW,VV,110,2,209,1,0
2021-12-05,S1B,IW,HH,411,28,753,32,0
2021-12-05,S1B,IW,HV,411,21,569,33,0
2021-12-05,S1B,IW,VH,411,383,10425,69,0
2021-12-05,S1B,IW,VV,411,383,10425,65,0
2021-12-06,S1A,EW,HH,79,67,6170,1,0
2021-12-06,S1A,EW,HV,79,52,4743,0,0
2021-12-06,S1A,EW,VH,79,12,1142,0,0
2021-12-06,S1A,EW,VV,79,12,1142,0,0
2021-12-06,S1A,IW,HH,521,61,1652,2,0
2021-12-06,S1A,IW,HV,521,21,573,0,0
2021-12-06,S1A,IW,VH,521,460,12529,164,0
2021-12-06,S1A,IW,VV,521,460,12529,164,0
2021-12-06,S1B,EW,HH,140,130,11990,10,0
2021-12-06,S1B,EW,HV,140,127,11686,9,0
2021-12-06,S1B,EW,VH,140,10,963,0,0
2021-12-06,S1B,EW,VV,140,10,963,0,0
2021-12-06,S1B,IW,HH,360,37,1009,0,0
2021-12-06,S1B,IW,HV,360,20,532,0,0
2021-12-06,S1B,IW,VH,360,321,8893,56,0
2021-12-06,S1B,IW,VV,360,323,8952,38,0
2021-12-07,S1A,EW,HH,84,72,6471,1,0
2021-12-07,S1A,EW,HV,84,56,5086,1,0
2021-12-07,S1A,EW,VH,84,12,1161,0,0
2021-12-07,S1A,EW,VV,84,12,1161,0,0
2021-12-07,S1A,IW,HH,588,81,2235,0,0
2021-12-07,S1A,IW,HV,588,22,602,0,0
2021-12-07,S1A,IW,VH,588,507,13811,188,0
2021-12-07,S1A,IW,VV,588,507,13811,136,0
2021-12-07,S1B,EW,HH,112,106,9805,3,0
2021-12-07,S1B,EW,HV,112,103,9491,0,0
2021-12-07,S1B,EW,VH,112,6,564,0,0
2021-12-07,S1B,EW,VV,112,6,564,0,0
2021-12-07,S1B,IW,HH,465,25,705,0,0
2021-12-07,S1B,IW,HV,465,25,705,0,0
2021-12-07,S1B,IW,VH,465,440,12058,135,0
2021-12-07,S1B,IW,VV,465,440,12058,126,0
2021-12-08,S1A,EW,HH,84,75,6681,1,0
2021-12-08,S1A,EW,HV,84,53,4656,1,0
2021-12-08,S1A,EW,VH,84,9,863,0,0
2021-12-08,S1A,EW,VV,84,9,863,0,0
2021-12-08,S1A,IW,HH,539,71,1953,0,0
2021-12-08,S1A,IW,HV,539,22,601,1,0
2021-12-08,S1A,IW,VH,539,465,12704,197,0
2021-12-08,S1A,IW,VV,539,468,12793,160,0
2021-12-08,S1B,EW,HH,115,115,10650,7,0
2021-12-08,S1B,EW,HV,115,110,10177,2,0
2021-12-08,S1B,IW,HH,387,20,518,0,0
2021-12-08,S1B,IW,HV,387,14,370,0,0
2021-12-08,S1B,IW,VH,387,367,10009,89,0
2021-12-08,S1B,IW,VV,387,367,10009,77,0
2021-12-09,S1A,EW,HH,64,64,6115,1,0
2021-12-09,S1A,EW,HV,64,44,4169,0,0
2021-12-09,S1A,IW,HH,562,74,2008,1,0
2021-12-09,S1A,IW,HV,562,47,1286,0,0
2021-12-09,S1A,IW,VH,562,488,13324,153,0
2021-12-09,S1A,IW,VV,562,488,13324,133,0
2021-12-09,S1B,EW,HH,120,120,11259,9,0
2021-12-09,S1B,EW,HV,120,109,10257,10,0
2021-12-09,S1B,IW,HH,461,66,1827,0,0
2021-12-09,S1B,IW,HV,461,46,1266,0,0
2021-12-09,S1B,IW,VH,461,395,10675,107,0
2021-12-09,S1B,IW,VV,461,395,10675,111,0
2021-12-10,S1A,EW,HH,92,92,8765,1,0
2021-12-10,S1A,EW,HV,92,71,6786,1,0
2021-12-10,S1A,IW,HH,491,40,1077,0,0
2021-12-10,S1A,IW,HV,491,14,362,0,0
2021-12-10,S1A,IW,VH,491,451,12294,177,0
2021-12-10,S1A,IW,VV,491,451,12294,149,0
2021-12-10,S1B,EW,HH,92,92,8611,18,0
2021-12-10,S1B,EW,HV,92,89,8302,16,0
2021-12-10,S1B,IW,HH,437,53,1425,0,0
2021-12-10,S1B,IW,HV,437,32,841,0,0
2021-12-10,S1B,IW,VH,437,384,10418,61,0
2021-12-10,S1B,IW,VV,437,384,10418,71,0
2021-12-11,S1A,EW,HH,86,86,7941,2,0
2021-12-11,S1A,EW,HV,86,66,6085,3,0
2021-12-11,S1A,IW,HH,571,62,1670,1,0
2021-12-11,S1A,IW,HV,571,45,1200,0,0
2021-12-11,S1A,IW,VH,571,509,13814,147,0
2021-12-11,S1A,IW,VV,571,509,13814,120,0
2021-12-11,S1B,EW,HH,133,124,11528,9,0
2021-12-11,S1B,EW,HV,133,116,10861,7,0
2021-12-11,S1B,EW,VH,133,9,897,0,0
2021-12-11,S1B,EW,VV,133,9,897,0,0
2021-12-11,S1B,IW,HH,410,53,1463,0,0
2021-12-11,S1B,IW,HV,410,48,1320,0,0
2021-12-11,S1B,IW,VH,410,357,9693,55,0
2021-12-11,S1B,IW,VV,410,357,9693,59,0
2021-12-12,S1A,EW,HH,121,108,10194,1,0
2021-12-12,S1A,EW,HV,121,83,7857,0,0
2021-12-12,S1A,EW,VH,121,13,1247,0,0
2021-12-12,S1A,EW,VV,121,13,1247,2,0
2021-12-12,S1A,IW,HH,513,45,1225,0,0
2021-12-12,S1A,IW,HV,513,23,622,0,0
2021-12-12,S1A,IW,VH,513,468,12766,176,0
2021-12-12,S1A,IW,VV,513,468,12766,156,0
2021-12-12,S1B,EW,HH,126,120,11209,6,0
2021-12-12,S1B,EW,HV,126,113,10542,2,0
2021-12-12,S1B,EW,VH,126,6,559,0,0
2021-12-12,S1B,EW,VV,126,6,559,0,0
2021-12-12,S1B,IW,HH,414,37,1001,0,0
2021-12-12,S1B,IW,HV,414,10,280,0,0
2021-12-12,S1B,IW,VH,414,377,10295,89,0
2021-12-12,S1B,IW,VV,414,377,10295,65,0
2021-12-13,S1A,EW,HH,100,91,8412,0,0
2021-12-13,S1A,EW,HV,100,66,6128,0,0
2021-12-13,S1A,EW,VH,100,9,843,0,0
2021-12-13,S1A,EW,VV,100,9,843,0,0
2021-12-13,S1A,IW,HH,500,23,632,0,0
2021-12-13,S1A,IW,HV,500,12,334,0,0
2021-12-13,S1A,IW,VH,500,477,13023,158,0
2021-12-13,S1A,IW,VV,500,477,13023,146,0
2021-12-13,S1B,EW,HH,115,107,9469,10,0
2021-12-13,S1B,EW,HV,115,104,9221,5,0
2021-12-13,S1B,EW,VH,115,8,782,0,0
2021-12-13,S1B,EW,VV,115,8,782,0,0
2021-12-13,S1B,IW,HH,397,78,2192,3,0
2021-12-13,S1B,IW,HV,397,29,794,1,0
2021-12-13,S1B,IW,VH,397,316,8686,75,0
2021-12-13,S1B,IW,VV,397,319,8769,81,0
2021-12-14,S1A,EW,HH,79,79,7461,8,0
2021-12-14,S1A,EW,HV,79,64,6010,6,0
2021-12-14,S1A,IW,HH,515,18,484,0,0
2021-12-14,S1A,IW,HV,515,12,329,0,0
2021-12-14,S1A,IW,VH,515,497,13637,153,0
2021-12-14,S1A,IW,VV,515,497,13637,131,0
2021-12-14,S1B,EW,HH,120,113,10246,1,0
2021-12-14,S1B,EW,HV,120,111,10152,0,0
2021-12-14,S1B,EW,VH,120,7,673,0,0
2021-12-14,S1B,EW,VV,120,7,673,1,0
2021-12-14,S1B,IW,HH,452,72,2010,0,0
2021-12-14,S1B,IW,HV,452,36,997,0,0
2021-12-14,S1B,IW,VH,452,380,10288,90,0
2021-12-14,S1B,IW,VV,452,380,10288,80,0
2021-12-15,S1A,EW,HH,99,96,9178,0,0
2021-12-15,S1A,EW,HV,99,80,7604,1,0
2021-12-15,S1A,EW,VH,99,3,299,0,0
2021-12-15,S1A,EW,VV,99,3,299,0,0
2021-12-15,S1A,IW,HH,513,68,1880,0,0
2021-12-15,S1A,IW,HV,513,43,1193,0,0
2021-12-15,S1A,IW,VH,513,445,12148,172,0
2021-12-15,S1A,IW,VV,513,445,12147,130,0
2021-12-15,S1B,EW,HH,103,103,9503,8,0
2021-12-15,S1B,EW,HV,103,101,9350,1,0
2021-12-15,S1B,IW,HH,415,63,1697,1,0
2021-12-15,S1B,IW,HV,415,52,1393,0,0
2021-12-15,S1B,IW,VH,415,352,9532,60,0
2021-12-15,S1B,IW,VV,415,352,9532,44,0
2021-12-16,S1A,EW,HH,61,61,5606,0,0
2021-12-16,S1A,EW,HV,61,52,4703,0,0
2021-12-16,S1A,IW,HH,589,116,3172,2,0
2021-12-16,S1A,IW,HV,589,74,2003,0,0
2021-12-16,S1A,IW,VH,589,473,12910,103,0
2021-12-16,S1A,IW,VV,589,473,12910,101,0
2021-12-16,S1B,EW,HH,112,109,10053,10,0
2021-12-16,S1B,EW,HV,112,104,9625,3,0
2021-12-16,S1B,EW,VH,112,3,314,0,0
2021-12-16,S1B,EW,VV,112,3,314,2,0
2021-12-16,S1B,IW,HH,427,45,1240,0,0
2021-12-16,S1B,IW,HV,427,25,686,0,0
2021-12-16,S1B,IW,VH,427,382,10420,85,0
2021-12-16,S1B,IW,VV,427,382,10419,83,0
2021-12-17,S1A,EW,HH,89,79,7491,2,0
2021-12-17,S1A,EW,HV,89,54,5202,3,0
2021-12-17,S1A,EW,VH,89,10,957,0,0
2021-12-17,S1A,EW,VV,89,10,957,0,0
2021-12-17,S1A,IW,HH,512,72,1959,0,0
2021-12-17,S1A,IW,HV,512,56,1518,0,0
2021-12-17,S1A,IW,VH,512,440,11949,159,0
2021-12-17,S1A,IW,VV,512,440,11949,132,0
2021-12-17,S1B,EW,HH,109,107,9879,6,0
2021-12-17,S1B,EW,HV,109,96,8812,3,0
2021-12-17,S1B,EW,VH,109,2,209,2,0
2021-12-17,S1B,EW,VV,109,2,209,0,0
2021-12-17,S1B,IW,HH,409,28,751,0,0
2021-12-17,S1B,IW,HV,409,21,567,0,0
2021-12-17,S1B,IW,VH,409,381,10364,63,0
2021-12-17,S1B,IW,VV,409,381,10364,53,0
2021-12-18,S1A,EW,HH,69,60,5592,0,0
2021-12-18,S1A,EW,HV,69,48,4385,0,0
2021-12-18,S1A,EW,VH,69,9,858,0,0
2021-12-18,S1A,EW,VV,69,9,858,0,0
2021-12-18,S1A,IW,HH,558,91,2464,0,0
2021-12-18,S1A,IW,HV,558,51,1385,0,0
2021-12-18,S1A,IW,VH,558,467,12727,170,0
2021-12-18,S1A,IW,VV,558,467,12727,152,0
2021-12-18,S1B,EW,HH,147,137,12558,28,0
2021-12-18,S1B,EW,HV,147,134,12254,20,0
2021-12-18,S1B,EW,VH,147,10,963,0,0
2021-12-18,S1B,EW,VV,147,10,963,0,0
2021-12-18,S1B,IW,HH,356,37,1009,0,0
2021-12-18,S1B,IW,HV,356,20,532,0,0
2021-12-18,S1B,IW,VH,356,317,8771,56,0
2021-12-18,S1B,IW,VV,356,319,8830,55,0
2021-12-19,S1A,EW,HH,63,54,4882,0,0
2021-12-19,S1A,EW,HV,63,46,4164,1,0
2021-12-19,S1A,EW,VH,63,9,862,0,0
2021-12-19,S1A,EW,VV,63,9,862,1,0
2021-12-19,S1A,IW,HH,607,117,3204,13,0
2021-12-19,S1A,IW,HV,607,64,1743,11,0
2021-12-19,S1A,IW,VH,607,490,13359,176,0
2021-12-19,S1A,IW,VV,607,490,13359,121,0
2021-12-19,S1B,EW,HH,115,109,10059,1,0
2021-12-19,S1B,EW,HV,115,103,9491,0,0
2021-12-19,S1B,EW,VH,115,6,564,0,0
2021-12-19,S1B,EW,VV,115,6,564,0,0
2021-12-19,S1B,IW,HH,427,25,705,0,0
2021-12-19,S1B,IW,HV,427,25,705,0,0
2021-12-19,S1B,IW,VH,427,402,11027,80,0
2021-12-19,S1B,IW,VV,427,402,11027,67,0
2021-12-20,S1A,EW,HH,81,71,6413,0,0
2021-12-20,S1A,EW,HV,81,52,4627,0,0
2021-12-20,S1A,EW,VH,81,10,972,0,0
2021-12-20,S1A,EW,VV,81,10,972,0,0
2021-12-20,S1A,IW,HH,526,68,1877,1,0
2021-12-20,S1A,IW,HV,526,24,655,0,0
2021-12-20,S1A,IW,VH,526,455,12397,214,0
2021-12-20,S1A,IW,VV,526,458,12486,212,0
2021-12-20,S1B,EW,HH,114,114,10559,5,0
2021-12-20,S1B,EW,HV,114,109,10088,5,0
2021-12-20,S1B,IW,HH,395,20,518,0,0
2021-12-20,S1B,IW,HV,395,14,370,0,0
2021-12-20,S1B,IW,VH,395,375,10208,58,0
2021-12-20,S1B,IW,VV,395,375,10208,62,0
2021-12-21,S1A,EW,HH,60,60,5731,4,0
2021-12-21,S1A,EW,HV,60,36,3371,0,0
2021-12-21,S1A,IW,HH,586,94,2545,1,0
2021-12-21,S1A,IW,HV,586,67,1823,0,0
2021-12-21,S1A,IW,VH,586,492,13437,112,0
2021-12-21,S1A,IW,VV,586,492,13437,109,0
2021-12-21,S1B,EW,HH,118,118,10854,10,0
2021-12-21,S1B,EW,HV,118,107,9852,6,0
2021-12-21,S1B,IW,HH,474,76,2101,0,0
2021-12-21,S1B,IW,HV,474,56,1540,0,0
2021-12-21,S1B,IW,VH,474,398,10772,83,0
2021-12-21,S1B,IW,VV,474,398,10772,71,0
2021-12-22,S1A,EW,HH,87,87,8137,2,0
2021-12-22,S1A,EW,HV,87,66,6158,2,0
2021-12-22,S1A,IW,HH,482,44,1172,0,0
2021-12-22,S1A,IW,HV,482,18,457,0,0
2021-12-22,S1A,IW,VH,482,438,11930,161,0
2021-12-22,S1A,IW,VV,482,438,11930,154,0
2021-12-22,S1B,EW,HH,83,83,7691,3,0
2021-12-22,S1B,EW,HV,83,80,7382,3,0
2021-12-22,S1B,IW,HH,462,63,1700,0,0
2021-12-22,S1B,IW,HV,462,42,1116,0,0
2021-12-22,S1B,IW,VH,462,399,10813,66,0
2021-12-22,S1B,IW,VV,462,399,10813,73,0
2021-12-23,S1A,EW,HH,69,69,6432,0,0
2021-12-23,S1A,EW,HV,69,54,4995,0,0
2021-12-23,S1A,IW,HH,576,76,2047,1,0
2021-12-23,S1A,IW,HV,576,59,1577,0,0
2021-12-23,S1A,IW,VH,576,500,13570,136,0
2021-12-23,S1A,IW,VV,576,500,13570,111,0
2021-12-23,S1B,EW,HH,32,32,2948,16,0
2021-12-23,S1B,EW,HV,32,27,2535,7,0
2021-12-23,S1B,IW,HH,153,10,274,0,0
2021-12-23,S1B,IW,HV,153,5,131,0,0
2021-12-23,S1B,IW,VH,153,143,3852,36,0
2021-12-23,S1B,IW,VV,153,143,3852,45,0
2021-12-24,S1A,EW,HH,89,76,7083,15,0
2021-12-24,S1A,EW,HV,89,62,5776,21,0
2021-12-24,S1A,EW,VH,89,13,1247,0,0
2021-12-24,S1A,EW,VV,89,13,1247,0,0
2021-12-24,S1A,IW,HH,360,39,1070,0,0
2021-12-24,S1A,IW,HV,360,26,718,0,0
2021-12-24,S1A,IW,VH,360,321,8758,131,0
2021-12-24,S1A,IW,VV,360,321,8758,110,0
2021-12-25,S1A,EW,HH,41,41,3754,0,0
2021-12-25,S1A,EW,HV,41,35,3230,0,0
2021-12-25,S1A,IW,HH,275,25,668,0,0
2021-12-25,S1A,IW,HV,275,14,370,0,0
2021-12-25,S1A,IW,VH,275,250,6829,76,0
2021-12-25,S1A,IW,VV,275,250,6829,61,0
2021-12-26,S1A,EW,HH,63,63,5890,5,0
2021-12-26,S1A,EW,HV,63,56,5217,0,0
2021-12-26,S1A,IW,HH,537,40,1083,0,0
2021-12-26,S1A,IW,HV,537,34,928,0,0
2021-12-26,S1A,IW,VH,537,497,13641,175,0
2021-12-26,S1A,IW,VV,537,497,13641,168,0
2021-12-27,S1A,EW,HH,86,83,7841,0,0
2021-12-27,S1A,EW,HV,86,72,6769,0,0
2021-12-27,S1A,EW,VH,86,3,299,0,0
2021-12-27,S1A,EW,VV,86,3,299,0,0
2021-12-27,S1A,IW,HH,520,78,2143,0,0
2021-12-27,S1A,IW,HV,520,53,1456,0,0
2021-12-27,S1A,IW,VH,520,442,12039,195,0
2021-12-27,S1A,IW,VV,520,442,12039,156,0
2021-12-28,S1A,EW,HH,76,76,7107,0,0
2021-12-28,S1A,EW,HV,76,58,5301,0,0
2021-12-28,S1A,IW,HH,585,116,3172,2,0
2021-12-28,S1A,IW,HV,585,74,2003,0,0
2021-12-28,S1A,IW,VH,585,469,12795,87,0
2021-12-28,S1A,IW,VV,585,469,12794,64,0
2021-12-29,S1A,EW,HH,93,84,7960,4,0
2021-12-29,S1A,EW,HV,93,59,5671,2,0
2021-12-29,S1A,EW,VH,93,9,843,0,0
2021-12-29,S1A,EW,VV,93,9,843,0,0
2021-12-29,S1A,IW,HH,529,72,1959,3,0
2021-12-29,S1A,IW,HV,529,56,1518,0,0
2021-12-29,S1A,IW,VH,529,457,12392,196,0
2021-12-29,S1A,IW,VV,529,457,12392,152,0
2021-12-30,S1A,EW,HH,51,42,3852,0,0
2021-12-30,S1A,EW,HV,51,39,3543,0,0
2021-12-30,S1A,EW,VH,51,9,858,0,0
2021-12-30,S1A,EW,VV,51,9,858,0,0
2021-12-30,S1A,IW,HH,538,88,2379,0,0
2021-12-30,S1A,IW,HV,538,51,1383,0,0
2021-12-30,S1A,IW,VH,538,450,12259,188,0
2021-12-30,S1A,IW,VV,538,450,12259,177,0
2021-12-31,S1A,EW,HH,67,58,5240,0,0
2021-12-31,S1A,EW,HV,67,47,4218,0,0
2021-12-31,S1A,EW,VH,67,9,862,0,0
2021-12-31,S1A,EW,VV,67,9,862,0,0
2021-12-31,S1A,IW,HH,607,117,3204,0,0
2021-12-31,S1A,IW,HV,607,64,1743,0,0
2021-12-31,S1A,IW,VH,607,490,13357,158,0
2021-12-31,S1A,IW,VV,607,490,13357,101,0
2022-01-01,S1A,EW,HH,89,80,7291,6,0
2022-01-01,S1A,EW,HV,89,58,5266,2,0
2022-01-01,S1A,EW,VH,89,9,863,0,0
2022-01-01,S1A,EW,VV,89,9,863,0,0
2022-01-01,S1A,IW,HH,539,72,1996,2,0
2022-01-01,S1A,IW,HV,539,24,655,0,0
2022-01-01,S1A,IW,VH,539,464,12657,196,0
2022-01-01,S1A,IW,VV,539,467,12746,172,0
2022-01-02,S1A,EW,HH,62,62,5830,0,0
2022-01-02,S1A,EW,HV,62,42,3884,1,0
2022-01-02,S1A,IW,HH,579,98,2665,2,0
2022-01-02,S1A,IW,HV,579,71,1943,0,0
2022-01-02,S1A,IW,VH,579,481,13144,164,0
2022-01-02,S1A,IW,VV,579,481,13144,127,0
2022-01-03,S1A,EW,HH,89,89,8375,2,0
2022-01-03,S1A,EW,HV,89,68,6396,2,0
2022-01-03,S1A,IW,HH,495,44,1172,0,0
2022-01-03,S1A,IW,HV,495,18,457,0,0
2022-01-03,S1A,IW,VH,495,451,12294,221,0
2022-01-03,S1A,IW,VV,495,451,12294,191,0
2022-01-04,S1A,EW,HH,79,79,7304,0,0
2022-01-04,S1A,EW,HV,79,62,5743,0,0
2022-01-04,S1A,IW,HH,558,76,2047,1,0
2022-01-04,S1A,IW,HV,558,59,1577,0,0
2022-01-04,S1A,IW,VH,558,482,13078,120,0
2022-01-04,S1A,IW,VV,558,482,13079,105,0
2022-01-05,S1A,EW,HH,120,107,9989,1,0
2022-01-05,S1A,EW,HV,120,83,7761,0,0
2022-01-05,S1A,EW,VH,120,13,1247,0,0
2022-01-05,S1A,EW,VV,120,13,1247,0,0
2022-01-05,S1A,IW,HH,488,53,1446,1,0
2022-01-05,S1A,IW,HV,488,31,843,0,0
2022-01-05,S1A,IW,VH,488,435,11875,163,0
2022-01-05,S1A,IW,VV,488,435,11875,130,0
2022-01-06,S1A,EW,HH,81,75,6911,13,0
2022-01-06,S1A,EW,HV,81,55,5054,0,0
2022-01-06,S1A,EW,VH,81,6,559,0,0
2022-01-06,S1A,EW,VV,81,6,559,0,0
2022-01-06,S1A,IW,HH,534,47,1265,0,0
2022-01-06,S1A,IW,HV,534,36,967,0,0
2022-01-06,S1A,IW,VH,534,487,13281,176,0
2022-01-06,S1A,IW,VV,534,487,13281,159,0
2022-01-07,S1A,EW,HH,70,70,6543,2,0
2022-01-07,S1A,EW,HV,70,56,5217,0,0
2022-01-07,S1A,IW,HH,537,40,1083,0,0
2022-01-07,S1A,IW,HV,537,34,928,0,0
2022-01-07,S1A,IW,VH,537,497,13641,190,0
2022-01-07,S1A,IW,VV,537,497,13641,138,0
2022-01-08,S1A,EW,HH,86,83,7906,11,0
2022-01-08,S1A,EW,HV,86,70,6615,13,0
2022-01-08,S1A,EW,VH,86,3,299,0,0
2022-01-08,S1A,EW,VV,86,3,299,0,0
2022-01-08,S1A,IW,HH,514,68,1869,0,0
2022-01-08,S1A,IW,HV,514,43,1182,0,0
2022-01-08,S1A,IW,VH,514,446,12162,197,0
2022-01-08,S1A,IW,VV,514,446,12162,168,0
2022-01-09,S1A,EW,HH,71,71,6537,0,0
2022-01-09,S1A,EW,HV,71,53,4731,0,0
2022-01-09,S1A,IW,HH,588,122,3352,2,0
2022-01-09,S1A,IW,HV,588,80,2183,0,0
2022-01-09,S1A,IW,VH,588,466,12686,92,0
2022-01-09,S1A,IW,VV,588,466,12686,80,0
2022-01-10,S1A,EW,HH,85,75,7046,0,0
2022-01-10,S1A,EW,HV,85,53,4992,3,0
2022-01-10,S1A,EW,VH,85,10,957,0,0
2022-01-10,S1A,EW,VV,85,10,957,0,0
2022-01-10,S1A,IW,HH,539,78,2146,0,0
2022-01-10,S1A,IW,HV,539,62,1705,0,0
2022-01-10,S1A,IW,VH,539,461,12514,173,0
2022-01-10,S1A,IW,VV,539,461,12514,145,0
2022-01-11,S1A,EW,HH,66,55,5083,7,0
2022-01-11,S1A,EW,HV,66,49,4465,8,0
2022-01-11,S1A,EW,VH,66,11,1047,41,0
2022-01-11,S1A,EW,VV,66,11,1047,41,0
2022-01-11,S1A,IW,HH,544,91,2464,0,0
2022-01-11,S1A,IW,HV,544,51,1385,0,0
2022-01-11,S1A,IW,VH,544,453,12339,205,0
2022-01-11,S1A,IW,VV,544,453,12339,178,0
2022-01-12,S1A,EW,HH,58,48,4237,0,0
2022-01-12,S1A,EW,HV,58,41,3654,2,0
2022-01-12,S1A,EW,VH,58,10,947,0,0
2022-01-12,S1A,EW,VV,58,10,947,1,0
2022-01-12,S1A,IW,HH,563,113,3091,4,0
2022-01-12,S1A,IW,HV,563,64,1743,2,0
2022-01-12,S1A,IW,VH,563,450,12262,182,0
2022-01-12,S1A,IW,VV,563,450,12262,138,0
2022-01-13,S1A,EW,HH,63,56,5026,6,0
2022-01-13,S1A,EW,HV,63,39,3444,3,0
2022-01-13,S1A,EW,VH,63,7,673,1,0
2022-01-13,S1A,EW,VV,63,7,673,0,0
2022-01-13,S1A,IW,HH,407,69,1900,0,0
2022-01-13,S1A,IW,HV,407,20,542,0,0
2022-01-13,S1A,IW,VH,407,335,9154,187,0
2022-01-13,S1A,IW,VV,407,338,9243,120,0
2022-01-14,S1A,EW,HH,64,64,6115,2,0
2022-01-14,S1A,EW,HV,64,40,3755,0,0
2022-01-14,S1A,IW,HH,568,98,2665,2,0
2022-01-14,S1A,IW,HV,568,71,1943,1,0
2022-01-14,S1A,IW,VH,568,470,12830,166,0
2022-01-14,S1A,IW,VV,568,470,12830,141,0
2022-01-15,S1A,EW,HH,86,86,8000,1,0
2022-01-15,S1A,EW,HV,86,65,6021,0,0
2022-01-15,S1A,IW,HH,497,44,1172,1,0
2022-01-15,S1A,IW,HV,497,18,457,0,0
2022-01-15,S1A,IW,VH,497,453,12330,190,0
2022-01-15,S1A,IW,VV,497,453,12330,201,0
2022-01-16,S1A,EW,HH,72,72,6706,2,0
2022-01-16,S1A,EW,HV,72,57,5268,0,0
2022-01-16,S1A,IW,HH,568,75,2027,0,0
2022-01-16,S1A,IW,HV,568,58,1557,0,0
2022-01-16,S1A,IW,VH,568,493,13379,158,0
2022-01-16,S1A,IW,VV,568,493,13379,122,0
2022-01-17,S1A,EW,HH,115,102,9494,2,0
2022-01-17,S1A,EW,HV,115,78,7267,0,0
2022-01-17,S1A,EW,VH,115,13,1247,0,0
2022-01-17,S1A,EW,VV,115,13,1247,0,0
2022-01-17,S1A,IW,HH,515,53,1446,0,0
2022-01-17,S1A,IW,HV,515,31,843,0,0
2022-01-17,S1A,IW,VH,515,462,12597,188,0
2022-01-17,S1A,IW,VV,515,462,12597,127,0
2022-01-18,S1A,EW,HH,59,50,4572,1,0
2022-01-18,S1A,EW,HV,59,31,2876,0,0
2022-01-18,S1A,EW,VH,59,9,843,0,0
2022-01-18,S1A,EW,VV,59,9,843,0,0
2022-01-18,S1A,IW,HH,436,35,932,0,0
2022-01-18,S1A,IW,HV,436,35,932,0,0
2022-01-18,S1A,IW,VH,436,401,10926,174,0
2022-01-18,S1A,IW,VV,436,401,10926,132,0
2022-01-19,S1A,EW,HH,65,65,6060,4,0
2022-01-19,S1A,EW,HV,65,51,4734,0,0
2022-01-19,S1A,IW,HH,500,40,1083,0,0
2022-01-19,S1A,IW,HV,500,34,928,0,0
2022-01-19,S1A,IW,VH,500,460,12630,165,0
2022-01-19,S1A,IW,VV,500,460,12630,141,0
2022-01-20,S1A,EW,HH,85,82,7777,0,0
2022-01-20,S1A,EW,HV,85,71,6705,2,0
2022-01-20,S1A,EW,VH,85,3,299,0,0
2022-01-20,S1A,EW,VV,85,3,299,0,0
2022-01-20,S1A,IW,HH,521,78,2143,0,0
2022-01-20,S1A,IW,HV,521,53,1456,0,0
2022-01-20,S1A,IW,VH,521,443,12068,180,0
2022-01-20,S1A,IW,VV,521,443,12068,158,0
2022-01-21,S1A,EW,HH,77,77,7191,10,0
2022-01-21,S1A,EW,HV,77,59,5385,14,0
2022-01-21,S1A,IW,HH,582,115,3158,7,0
2022-01-21,S1A,IW,HV,582,73,1989,9,0
2022-01-21,S1A,IW,VH,582,467,12718,192,0
2022-01-21,S1A,IW,VV,582,467,12718,144,0
2022-01-22,S1A,EW,HH,99,90,8553,0,0
2022-01-22,S1A,EW,HV,99,61,5839,0,0
2022-01-22,S1A,EW,VH,99,9,843,0,0
2022-01-22,S1A,EW,VV,99,9,843,0,0
2022-01-22,S1A,IW,HH,535,72,1959,0,0
2022-01-22,S1A,IW,HV,535,56,1517,0,0
2022-01-22,S1A,IW,VH,535,463,12607,192,0
2022-01-22,S1A,IW,VV,535,463,12609,148,0
2022-01-23,S1A,EW,HH,75,64,5941,0,0
2022-01-23,S1A,EW,HV,75,51,4690,1,0
2022-01-23,S1A,EW,VH,75,11,1047,0,0
2022-01-23,S1A,EW,VV,75,11,1047,0,0
2022-01-23,S1A,IW,HH,559,91,2464,0,0
2022-01-23,S1A,IW,HV,559,51,1385,1,0
2022-01-23,S1A,IW,VH,559,468,12742,200,0
2022-01-23,S1A,IW,VV,559,468,12742,174,0
